,Rk,Conf Champ,League Champ,AvAge,GP,W,L,OL,PTS,PTS%,GF,GA,SOW,SOL,SRS,SOS,GF/G,GA/G,PP,PPO,PP%,PPA,PPOA,PK%,SH,SHA,PIM/G,oPIM/G,S,S%,SA,SV%,SO,Corsi (EV),Corsi (EV),Corsi (EV),Fenwick (EV),Fenwick (EV),Fenwick (EV),PDO (EV),PDO (EV),PDO (EV),Zone Starts (EV),Zone Starts (EV),Faceoff Win,Faceoff Loss,Faceoff %,Hits,Blocks
Anaheim Ducks,17,0,0,27.9,82,39,32,11,89,0.543,233,243,5,8,-0.07,0.09,2.84,2.96,63,300,21,67,323,79.26,8,9,16.1,15.8,2472,9.4,2736,0.911,3,3222,4010,44.6,2510,3038,45.2,8.8,92,100.8,49.8,50.2,1699,1860,47.7,1785,972
Atlanta Thrashers,23,0,0,27.5,82,35,34,13,83,0.506,230,250,4,6,-0.33,-0.06,2.8,3.05,51,316,16.14,57,320,82.19,9,4,12.8,13,2409,9.5,2716,0.908,5,3771,3945,48.9,2857,2864,49.9,7.4,91.5,98.9,51.1,48.9,1797,1894,48.7,1385,1081
Boston Bruins*,14,0,0,28.1,82,39,30,13,91,0.555,196,191,10,9,0.01,-0.06,2.39,2.33,44,265,16.6,37,272,86.4,6,3,11.6,11.6,2599,7.5,2444,0.922,10,4067,3948,50.7,2992,2964,50.2,8.5,93.8,102.3,48.2,51.8,1974,1820,52,1612,984
Buffalo Sabres*,10,0,0,27.8,82,45,27,10,100,0.61,231,201,4,6,0.26,-0.08,2.82,2.45,55,313,17.57,38,284,86.62,4,3,11.2,11.7,2588,8.9,2573,0.922,5,3834,3752,50.5,2913,2808,50.9,8.3,91.8,100.2,53.6,46.4,1712,1919,47.1,1406,944
Calgary Flames,16,0,0,28.8,82,40,32,10,90,0.549,201,203,3,7,-0.03,0.04,2.45,2.48,43,268,16.04,54,305,82.3,7,1,13.9,13.2,2350,8.6,2372,0.914,4,3803,3561,51.6,2832,2578,52.3,8.4,90.9,99.4,53.1,46.9,1824,1953,48.3,1534,983
Carolina Hurricanes,24,0,0,28.9,82,35,37,10,80,0.488,226,251,4,5,-0.37,-0.05,2.76,3.06,56,329,17.02,62,320,80.63,7,8,11.8,11.8,2402,9.4,2574,0.902,1,3924,4107,48.9,2817,3125,47.4,8.6,92.1,100.6,48.4,51.6,1669,2096,44.3,1964,982
Chicago Blackhawks*,3,1,1,26.6,82,52,22,8,112,0.683,262,203,9,6,0.77,0.02,3.2,2.48,52,294,17.69,40,266,84.96,13,4,11.3,11.7,2798,9.4,2058,0.901,11,3894,3484,52.8,2941,2571,53.4,8.2,91.4,99.7,54.6,45.4,1909,1854,50.7,1714,913
Colorado Avalanche*,12,0,0,26.4,82,43,30,9,95,0.579,237,228,7,5,0.16,0.02,2.89,2.78,56,310,18.06,60,303,80.2,8,9,12.5,13.5,2287,10.4,2629,0.913,8,3499,3878,47.4,2654,2921,47.6,8.4,90.5,98.9,48.8,51.2,1927,1858,50.9,1592,957
Columbus Blue Jackets,27,0,0,26.1,82,32,35,15,79,0.482,214,249,2,10,-0.42,0.11,2.61,3.04,56,308,18.18,61,334,81.74,6,8,13.2,12.6,2338,9.2,2514,0.901,7,3649,3525,50.9,2745,2634,51,8.1,90.9,99,52.2,47.8,1874,1823,50.7,2138,891
Dallas Stars,19,0,0,28.3,82,37,31,14,88,0.537,230,244,7,10,-0.12,0.09,2.8,2.98,61,328,18.6,65,288,77.43,8,8,11.7,12.7,2523,9.1,2559,0.905,4,3423,3754,47.7,2544,2796,47.6,9,92.2,101.2,48.6,51.4,1857,1812,50.6,2033,958
Detroit Red Wings*,7,0,0,30.3,82,44,24,14,102,0.622,223,207,6,9,0.23,0.07,2.72,2.52,59,307,19.22,43,267,83.9,8,1,8.8,9.9,2737,8.1,2413,0.914,4,4026,3505,53.5,3113,2770,52.9,8.3,91.4,99.7,51.5,48.5,1962,1840,51.6,1651,735
Edmonton Oilers,30,0,0,27.1,82,27,47,8,62,0.378,206,278,8,6,-0.76,0.09,2.51,3.39,52,301,17.28,67,305,78.03,6,5,13.8,13.5,2321,8.9,2716,0.898,3,3352,3845,46.6,2419,2859,45.8,8,90.9,98.9,50.1,49.9,1560,1940,44.6,1661,986
Florida Panthers,28,0,0,28.1,82,32,37,13,77,0.47,202,234,6,10,-0.47,-0.03,2.46,2.85,44,309,14.24,59,286,79.37,7,8,11.9,12.8,2331,8.7,2800,0.916,8,3820,3802,50.1,2849,2879,49.7,7.3,91.7,99,47.8,52.2,1883,1746,51.9,1747,923
Los Angeles Kings*,8,0,0,26.2,82,46,27,9,101,0.616,231,211,10,8,0.32,0.05,2.82,2.57,64,307,20.85,60,304,80.26,4,6,11.9,12.5,2389,9.7,2260,0.907,5,3726,3510,51.5,2745,2648,50.9,8.4,92,100.4,50.6,49.4,1841,1793,50.7,1953,862
Minnesota Wild,22,0,0,28.6,82,38,36,8,84,0.512,214,239,5,7,-0.26,0.07,2.61,2.91,59,309,19.09,53,306,82.68,3,13,11.3,11.2,2266,9.4,2415,0.901,3,3206,3862,45.4,2404,2939,45,8.4,92.1,100.5,43.9,56.1,1851,1827,50.3,1706,923
Montreal Canadiens*,20,0,0,27.5,82,39,33,10,88,0.537,210,218,7,5,-0.14,-0.07,2.56,2.66,57,261,21.84,53,311,82.96,3,8,11.4,11.3,2345,9,2634,0.917,5,3916,3739,51.2,2894,2711,51.6,7.2,92.6,99.9,50.9,49.1,1772,1817,49.4,1539,1028
Nashville Predators*,11,0,0,27.6,82,47,29,6,100,0.61,217,221,8,4,0.06,0.06,2.65,2.7,47,286,16.43,59,258,77.13,5,5,8.7,9.9,2508,8.7,2396,0.908,8,3501,3651,49,2630,2828,48.2,8.6,93,101.6,46.6,53.4,1873,1842,50.4,1560,823
New Jersey Devils*,6,0,0,30.5,82,48,27,7,103,0.628,216,186,6,5,0.31,-0.07,2.63,2.27,51,272,18.75,41,240,82.92,7,5,10.5,11.4,2459,8.8,2213,0.916,9,3414,3143,52.1,2620,2410,52.1,6.8,91.3,98.1,52.9,47.1,1741,1703,50.6,1429,733
New York Islanders,26,0,0,28.3,82,34,37,11,79,0.482,214,258,8,6,-0.53,-0.02,2.61,3.15,49,306,16.01,71,300,76.33,7,3,11.6,12.2,2493,8.6,2619,0.901,3,3534,4091,46.3,2578,2958,46.6,8.3,90.6,99,45.9,54.1,1855,1851,50.1,1672,1133
New York Rangers,21,0,0,26.8,82,38,33,11,87,0.53,219,214,3,4,0,-0.05,2.67,2.61,55,301,18.27,50,318,84.28,5,6,14.1,13.2,2425,9,2450,0.913,5,3642,3777,49.1,2748,2710,50.3,8.2,92.5,100.7,50.7,49.3,1709,1872,47.7,2128,1067
Ottawa Senators*,13,0,0,27.9,82,44,32,6,94,0.573,220,233,5,5,-0.22,-0.06,2.68,2.84,49,290,16.9,50,318,84.28,5,4,13.9,13.2,2436,9,2340,0.9,6,3625,3662,49.7,2702,2767,49.4,7,90.5,97.4,52.7,47.3,1805,1708,51.4,1548,895
Philadelphia Flyers*,18,1,0,27.7,82,41,35,6,88,0.537,232,222,4,3,0.08,-0.06,2.83,2.71,68,318,21.38,57,334,82.93,5,7,16.6,15.3,2589,9,2346,0.905,5,3821,3894,49.5,2855,2830,50.2,9.2,92.2,101.4,47.9,52.1,1916,1909,50.1,1744,1064
Phoenix Coyotes*,4,0,0,28.2,82,50,25,7,107,0.652,211,196,14,6,0.34,0.06,2.57,2.39,46,314,14.65,49,317,84.54,3,6,11.3,10.8,2502,8.4,2427,0.919,8,3852,3829,50.1,2902,2977,49.4,8.5,92.8,101.4,48.1,51.9,2027,1845,52.4,1720,852
Pittsburgh Penguins*,9,0,0,27.8,82,47,28,7,101,0.616,249,235,8,2,0.17,-0.07,3.04,2.87,56,326,17.18,52,327,84.1,7,8,14.6,14.7,2688,9.3,2350,0.9,1,3857,3434,52.9,2834,2575,52.4,7.9,92.4,100.3,52.6,47.4,1794,1769,50.4,2088,859
San Jose Sharks*,2,0,0,29.3,82,51,20,11,113,0.689,257,209,7,6,0.65,0.05,3.13,2.55,65,309,21.04,49,324,84.88,8,9,14.1,13.1,2602,9.9,2571,0.919,3,4109,3596,53.3,3059,2655,53.5,7.7,92.5,100.3,49.8,50.2,1955,1740,52.9,1714,941
St. Louis Blues,15,0,0,27.9,82,40,32,10,90,0.549,218,218,7,5,0.08,0.06,2.66,2.66,53,308,17.21,45,342,86.84,6,6,16.1,15.8,2445,8.9,2473,0.912,6,3851,3499,52.4,2896,2604,52.7,8.6,90.6,99.2,53,47,1753,1873,48.3,1829,895
Tampa Bay Lightning,25,0,0,27,82,34,36,12,80,0.488,213,253,4,7,-0.56,-0.03,2.6,3.09,63,326,19.33,67,336,80.06,2,6,16.8,16,2367,9,2575,0.902,3,3792,3579,51.4,2860,2581,52.6,8.1,90.8,98.9,46.4,53.6,1918,1839,51.1,1531,998
Toronto Maple Leafs,29,0,0,27,82,30,38,14,74,0.451,210,263,4,4,-0.68,-0.03,2.56,3.21,44,315,13.97,73,288,74.65,4,6,13.3,13.5,2671,7.9,2440,0.892,5,3770,4104,47.9,2673,2990,47.2,8.4,91.7,100.1,48.9,51.1,1787,1812,49.7,1870,1114
Vancouver Canucks*,5,0,0,28.1,82,49,28,5,103,0.628,268,218,4,4,0.6,-0.01,3.27,2.66,68,323,21.05,59,320,81.56,8,6,15.5,15.1,2534,10.6,2419,0.91,5,3916,3554,52.4,2918,2668,52.2,8.5,93.2,101.7,51.5,48.5,2030,1704,54.4,1672,886
Washington Capitals*,1,0,0,27.2,82,54,15,13,121,0.738,313,227,5,6,0.9,-0.14,3.82,2.77,79,313,25.24,67,316,78.8,4,8,11.6,11.2,2693,11.6,2535,0.91,3,3839,3667,51.1,2794,2640,51.4,8.1,92.5,100.6,50.9,49.1,1917,1872,50.6,1704,1027